Título;Rendimento anual do título;Investimento mínimo;Preço unitário de investimento;Vencimento do Título
Tesouro Selic 2031;SELIC + 0,0866%;R$ 199,62;R$ 19.962,22;01/03/2031
Tesouro Prefixado 2029;12,56%;R$ 7,69;R$ 769,88;01/01/2029
Tesouro Prefixado 2032;12,76%;R$ 5,35;R$ 535,64;01/01/2032
Tesouro Prefixado com Juros Semestrais 2037;12,81%;R$ 8,78;R$ 878,33;01/01/2037
Tesouro IPCA+ 2032;IPCA + 6,98%;R$ 32,09;R$ 3.209,63;15/08/2032
Tesouro IPCA+ com Juros Semestrais 2037;IPCA + 6,94%;R$ 45,57;R$ 4.557,52;15/05/2037
Tesouro IPCA+ 2040;IPCA + 6,66%;R$ 19,55;R$ 1.955,39;15/08/2040
Tesouro IPCA+ com Juros Semestrais 2045;IPCA + 6,66%;R$ 45,60;R$ 4.560,43;15/05/2045
Tesouro IPCA+ 2050;IPCA + 6,55%;R$ 10,56;R$ 1.056,42;15/08/2050
Tesouro IPCA+ com Juros Semestrais 2060;IPCA + 6,58%;R$ 44,53;R$ 4.453,10;15/08/2060
Tesouro Renda+ Aposentadoria Extra 2030;IPCA + 6,73%;R$ 21,62;R$ 2.162,99;15/12/2049
Tesouro Renda+ Aposentadoria Extra 2035;IPCA + 6,63%;R$ 15,88;R$ 1.588,57;15/12/2054
Tesouro Renda+ Aposentadoria Extra 2040;IPCA + 6,52%;R$ 11,79;R$ 1.179,95;15/12/2059
Tesouro Renda+ Aposentadoria Extra 2045;IPCA + 6,48%;R$ 8,70;R$ 870,65;15/12/2064
Tesouro Renda+ Aposentadoria Extra 2050;IPCA + 6,44%;R$ 6,44;R$ 644,74;15/12/2069
Tesouro Renda+ Aposentadoria Extra 2055;IPCA + 6,43%;R$ 4,74;R$ 474,40;15/12/2074
Tesouro Renda+ Aposentadoria Extra 2060;IPCA + 6,44%;R$ 3,46;R$ 346,68;15/12/2079
Tesouro Renda+ Aposentadoria Extra 2065;IPCA + 6,44%;R$ 2,54;R$ 254,23;15/12/2084
Tesouro Educa+ 2027;IPCA + 6,91%;R$ 39,85;R$ 3.985,20;15/12/2031
Tesouro Educa+ 2028;IPCA + 6,97%;R$ 37,21;R$ 3.721,61;15/12/2032
Tesouro Educa+ 2029;IPCA + 6,98%;R$ 34,79;R$ 3.479,04;15/12/2033
Tesouro Educa+ 2030;IPCA + 6,98%;R$ 32,52;R$ 3.252,81;15/12/2034
Tesouro Educa+ 2031;IPCA + 6,97%;R$ 30,43;R$ 3.043,30;15/12/2035
Tesouro Educa+ 2032;IPCA + 6,96%;R$ 28,48;R$ 2.848,01;15/12/2036
Tesouro Educa+ 2033;IPCA + 6,95%;R$ 26,65;R$ 2.665,92;15/12/2037
Tesouro Educa+ 2034;IPCA + 6,92%;R$ 25,00;R$ 2.500,80;15/12/2038
Tesouro Educa+ 2035;IPCA + 6,87%;R$ 23,51;R$ 2.351,79;15/12/2039
Tesouro Educa+ 2036;IPCA + 6,82%;R$ 22,13;R$ 2.213,25;15/12/2040
Tesouro Educa+ 2037;IPCA + 6,75%;R$ 20,89;R$ 2.089,64;15/12/2041
Tesouro Educa+ 2038;IPCA + 6,69%;R$ 19,73;R$ 1.973,05;15/12/2042
Tesouro Educa+ 2039;IPCA + 6,65%;R$ 18,59;R$ 1.859,84;15/12/2043
Tesouro Educa+ 2040;IPCA + 6,61%;R$ 17,54;R$ 1.754,57;15/12/2044
Tesouro Educa+ 2041;IPCA + 6,59%;R$ 16,51;R$ 1.651,49;15/12/2045
Tesouro Educa+ 2042;IPCA + 6,57%;R$ 15,55;R$ 1.555,13;15/12/2046
Tesouro Educa+ 2043;IPCA + 6,56%;R$ 14,62;R$ 1.462,53;15/12/2047
Tesouro Educa+ 2044;IPCA + 6,55%;R$ 13,75;R$ 1.375,69;15/12/2048
Tesouro Reserva 2036;SELIC;R$ 1,00;R$ 11,073152;01/01/2036
